aligned_rna_short_read_id,experiment_rna_short_read_id,aligned_rna_short_read_file,aligned_rna_short_read_index_file,md_5_sum,reference_assembly,reference_assembly_uri,reference_assembly_details,gene_annotation,gene_annotation_details,alignment_software,alignment_log_file,alignment_postprocessing,mean_coverage,percent_uniquely_aligned,percent_multimapped,percent_unaligned,quality_issues
PMGRC-103-106-1_LS4339094_SQ9314_RNA,CNH_I_SQ9314,NA,NA,NA,GRCh38,http://ftp.1000genomes.ebi.ac.uk/vol1/ftp/technical/reference/GRCh38_reference_genome/GRCh38_full_analysis_set_plus_decoy_hla.fa,NA,GENCODEv41,gencode_comprehensive_chr,STARv2.7.10a,NA,NA,NA,NA,NA,NA,low read count
PMGRC-105-106-2_LS4339093_SQ8363_RNA,CNH_I_SQ8363,NA,NA,NA,GRCh38,http://ftp.1000genomes.ebi.ac.uk/vol1/ftp/technical/reference/GRCh38_reference_genome/GRCh38_full_analysis_set_plus_decoy_hla.fa,NA,GENCODEv41,gencode_comprehensive_chr,STARv2.7.10a,NA,NA,NA,NA,NA,NA,NA
PMGRC-106-106-0_LS4339116_SQ8385_RNA,CNH_I_SQ8385,NA,NA,NA,GRCh38,http://ftp.1000genomes.ebi.ac.uk/vol1/ftp/technical/reference/GRCh38_reference_genome/GRCh38_full_analysis_set_plus_decoy_hla.fa,NA,GENCODEv41,gencode_comprehensive_chr,STARv2.7.10a,NA,NA,NA,NA,NA,NA,NA
PMGRC-107-107-0_LS4339118_SQ9302_RNA,CNH_I_SQ9302,NA,NA,NA,GRCh38,http://ftp.1000genomes.ebi.ac.uk/vol1/ftp/technical/reference/GRCh38_reference_genome/GRCh38_full_analysis_set_plus_decoy_hla.fa,NA,GENCODEv41,gencode_comprehensive_chr,STARv2.7.10a,NA,NA,NA,NA,NA,NA,NA
PMGRC-108-108-0_LS4716299_SQ11958_RNA,CNH_I_SQ11958,NA,NA,NA,GRCh38,http://ftp.1000genomes.ebi.ac.uk/vol1/ftp/technical/reference/GRCh38_reference_genome/GRCh38_full_analysis_set_plus_decoy_hla.fa,NA,GENCODEv41,gencode_comprehensive_chr,STARv2.7.10a,NA,NA,NA,NA,NA,NA,NA
PMGRC-109-108-2_LS4716298_SQ11957_RNA,CNH_I_SQ11957,NA,NA,NA,GRCh38,http://ftp.1000genomes.ebi.ac.uk/vol1/ftp/technical/reference/GRCh38_reference_genome/GRCh38_full_analysis_set_plus_decoy_hla.fa,NA,GENCODEv41,gencode_comprehensive_chr,STARv2.7.10a,NA,NA,NA,NA,NA,NA,NA
PMGRC-11-11-0_LS4339051_SQ11655_RNA,CNH_I_SQ11655,NA,NA,NA,GRCh38,http://ftp.1000genomes.ebi.ac.uk/vol1/ftp/technical/reference/GRCh38_reference_genome/GRCh38_full_analysis_set_plus_decoy_hla.fa,NA,GENCODEv41,gencode_comprehensive_chr,STARv2.7.10a,NA,NA,NA,NA,NA,NA,NA
PMGRC-110-108-1_LS4716286_SQ11945_RNA,CNH_I_SQ11945,NA,NA,NA,GRCh38,http://ftp.1000genomes.ebi.ac.uk/vol1/ftp/technical/reference/GRCh38_reference_genome/GRCh38_full_analysis_set_plus_decoy_hla.fa,NA,GENCODEv41,gencode_comprehensive_chr,STARv2.7.10a,NA,NA,NA,NA,NA,NA,NA
PMGRC-111-107-2_LS4339083_SQ8353_RNA,CNH_I_SQ8353,NA,NA,NA,GRCh38,http://ftp.1000genomes.ebi.ac.uk/vol1/ftp/technical/reference/GRCh38_reference_genome/GRCh38_full_analysis_set_plus_decoy_hla.fa,NA,GENCODEv41,gencode_comprehensive_chr,STARv2.7.10a,NA,NA,NA,NA,NA,NA,NA
PMGRC-113-114-2_LS4339092_SQ8362_RNA,CNH_I_SQ8362,NA,NA,NA,GRCh38,http://ftp.1000genomes.ebi.ac.uk/vol1/ftp/technical/reference/GRCh38_reference_genome/GRCh38_full_analysis_set_plus_decoy_hla.fa,NA,GENCODEv41,gencode_comprehensive_chr,STARv2.7.10a,NA,NA,NA,NA,NA,NA,NA
PMGRC-114-114-0_LS4339091_SQ8361_RNA,CNH_I_SQ8361,NA,NA,NA,GRCh38,http://ftp.1000genomes.ebi.ac.uk/vol1/ftp/technical/reference/GRCh38_reference_genome/GRCh38_full_analysis_set_plus_decoy_hla.fa,NA,GENCODEv41,gencode_comprehensive_chr,STARv2.7.10a,NA,NA,NA,NA,NA,NA,NA
PMGRC-115-114-1_LS4339090_SQ8360_RNA,CNH_I_SQ8360,NA,NA,NA,GRCh38,http://ftp.1000genomes.ebi.ac.uk/vol1/ftp/technical/reference/GRCh38_reference_genome/GRCh38_full_analysis_set_plus_decoy_hla.fa,NA,GENCODEv41,gencode_comprehensive_chr,STARv2.7.10a,NA,NA,NA,NA,NA,NA,NA
PMGRC-116-116-0_LS4339050_SQ11654_RNA,CNH_I_SQ11654,NA,NA,NA,GRCh38,http://ftp.1000genomes.ebi.ac.uk/vol1/ftp/technical/reference/GRCh38_reference_genome/GRCh38_full_analysis_set_plus_decoy_hla.fa,NA,GENCODEv41,gencode_comprehensive_chr,STARv2.7.10a,NA,NA,NA,NA,NA,NA,NA
PMGRC-117-116-2_LS4339096_SQ8365_RNA,CNH_I_SQ8365,NA,NA,NA,GRCh38,http://ftp.1000genomes.ebi.ac.uk/vol1/ftp/technical/reference/GRCh38_reference_genome/GRCh38_full_analysis_set_plus_decoy_hla.fa,NA,GENCODEv41,gencode_comprehensive_chr,STARv2.7.10a,NA,NA,NA,NA,NA,NA,NA
PMGRC-12-11-2_LS4339098_SQ8367_RNA,CNH_I_SQ8367,NA,NA,NA,GRCh38,http://ftp.1000genomes.ebi.ac.uk/vol1/ftp/technical/reference/GRCh38_reference_genome/GRCh38_full_analysis_set_plus_decoy_hla.fa,NA,GENCODEv41,gencode_comprehensive_chr,STARv2.7.10a,NA,NA,NA,NA,NA,NA,NA
PMGRC-121-122-2_LS4339128_SQ6045_RNA,CNH_I_SQ6045,NA,NA,NA,GRCh38,http://ftp.1000genomes.ebi.ac.uk/vol1/ftp/technical/reference/GRCh38_reference_genome/GRCh38_full_analysis_set_plus_decoy_hla.fa,NA,GENCODEv41,gencode_comprehensive_chr,STARv2.7.10a,NA,NA,NA,NA,NA,NA,NA
PMGRC-122-122-0_LS4339122_SQ6039_RNA,CNH_I_SQ6039,NA,NA,NA,GRCh38,http://ftp.1000genomes.ebi.ac.uk/vol1/ftp/technical/reference/GRCh38_reference_genome/GRCh38_full_analysis_set_plus_decoy_hla.fa,NA,GENCODEv41,gencode_comprehensive_chr,STARv2.7.10a,NA,NA,NA,NA,NA,NA,NA
PMGRC-123-122-1_LS4339123_SQ6040_RNA,CNH_I_SQ6040,NA,NA,NA,GRCh38,http://ftp.1000genomes.ebi.ac.uk/vol1/ftp/technical/reference/GRCh38_reference_genome/GRCh38_full_analysis_set_plus_decoy_hla.fa,NA,GENCODEv41,gencode_comprehensive_chr,STARv2.7.10a,NA,NA,NA,NA,NA,NA,NA
PMGRC-125-125-0_LS4339095_SQ6059_RNA,CNH_I_SQ6059,NA,NA,NA,GRCh38,http://ftp.1000genomes.ebi.ac.uk/vol1/ftp/technical/reference/GRCh38_reference_genome/GRCh38_full_analysis_set_plus_decoy_hla.fa,NA,GENCODEv41,gencode_comprehensive_chr,STARv2.7.10a,NA,NA,NA,NA,NA,NA,NA
PMGRC-126-125-2_LS4339104_SQ8373_RNA,CNH_I_SQ8373,NA,NA,NA,GRCh38,http://ftp.1000genomes.ebi.ac.uk/vol1/ftp/technical/reference/GRCh38_reference_genome/GRCh38_full_analysis_set_plus_decoy_hla.fa,NA,GENCODEv41,gencode_comprehensive_chr,STARv2.7.10a,NA,NA,NA,NA,NA,NA,NA
PMGRC-127-125-1_LS4339049_SQ11653_RNA,CNH_I_SQ11653,NA,NA,NA,GRCh38,http://ftp.1000genomes.ebi.ac.uk/vol1/ftp/technical/reference/GRCh38_reference_genome/GRCh38_full_analysis_set_plus_decoy_hla.fa,NA,GENCODEv41,gencode_comprehensive_chr,STARv2.7.10a,NA,NA,NA,NA,NA,NA,NA
PMGRC-128-116-1_LS4339079_SQ8349_RNA,CNH_I_SQ8349,NA,NA,NA,GRCh38,http://ftp.1000genomes.ebi.ac.uk/vol1/ftp/technical/reference/GRCh38_reference_genome/GRCh38_full_analysis_set_plus_decoy_hla.fa,NA,GENCODEv41,gencode_comprehensive_chr,STARv2.7.10a,NA,NA,NA,NA,NA,NA,NA
PMGRC-13-13-0_LS4339060_SQ11664_RNA,CNH_I_SQ11664,NA,NA,NA,GRCh38,http://ftp.1000genomes.ebi.ac.uk/vol1/ftp/technical/reference/GRCh38_reference_genome/GRCh38_full_analysis_set_plus_decoy_hla.fa,NA,GENCODEv41,gencode_comprehensive_chr,STARv2.7.10a,NA,NA,NA,NA,NA,NA,NA
PMGRC-130-130-0_LS4339052_SQ11656_RNA,CNH_I_SQ11656,NA,NA,NA,GRCh38,http://ftp.1000genomes.ebi.ac.uk/vol1/ftp/technical/reference/GRCh38_reference_genome/GRCh38_full_analysis_set_plus_decoy_hla.fa,NA,GENCODEv41,gencode_comprehensive_chr,STARv2.7.10a,NA,NA,NA,NA,NA,NA,NA
PMGRC-131-131-0_LS4339053_SQ11657_RNA,CNH_I_SQ11657,NA,NA,NA,GRCh38,http://ftp.1000genomes.ebi.ac.uk/vol1/ftp/technical/reference/GRCh38_reference_genome/GRCh38_full_analysis_set_plus_decoy_hla.fa,NA,GENCODEv41,gencode_comprehensive_chr,STARv2.7.10a,NA,NA,NA,NA,NA,NA,NA
PMGRC-132-131-2_LS4339106_SQ8375_RNA,CNH_I_SQ8375,NA,NA,NA,GRCh38,http://ftp.1000genomes.ebi.ac.uk/vol1/ftp/technical/reference/GRCh38_reference_genome/GRCh38_full_analysis_set_plus_decoy_hla.fa,NA,GENCODEv41,gencode_comprehensive_chr,STARv2.7.10a,NA,NA,NA,NA,NA,NA,NA
PMGRC-133-131-1_LS4339107_SQ8376_RNA,CNH_I_SQ8376,NA,NA,NA,GRCh38,http://ftp.1000genomes.ebi.ac.uk/vol1/ftp/technical/reference/GRCh38_reference_genome/GRCh38_full_analysis_set_plus_decoy_hla.fa,NA,GENCODEv41,gencode_comprehensive_chr,STARv2.7.10a,NA,NA,NA,NA,NA,NA,NA
PMGRC-135-107-1_LS4339082_SQ8352_RNA,CNH_I_SQ8352,NA,NA,NA,GRCh38,http://ftp.1000genomes.ebi.ac.uk/vol1/ftp/technical/reference/GRCh38_reference_genome/GRCh38_full_analysis_set_plus_decoy_hla.fa,NA,GENCODEv41,gencode_comprehensive_chr,STARv2.7.10a,NA,NA,NA,NA,NA,NA,NA
PMGRC-137-137-0_LS4339097_SQ8366_RNA,CNH_I_SQ8366,NA,NA,NA,GRCh38,http://ftp.1000genomes.ebi.ac.uk/vol1/ftp/technical/reference/GRCh38_reference_genome/GRCh38_full_analysis_set_plus_decoy_hla.fa,NA,GENCODEv41,gencode_comprehensive_chr,STARv2.7.10a,NA,NA,NA,NA,NA,NA,NA
PMGRC-139-11-1_LS4339111_SQ8380_RNA,CNH_I_SQ8380,NA,NA,NA,GRCh38,http://ftp.1000genomes.ebi.ac.uk/vol1/ftp/technical/reference/GRCh38_reference_genome/GRCh38_full_analysis_set_plus_decoy_hla.fa,NA,GENCODEv41,gencode_comprehensive_chr,STARv2.7.10a,NA,NA,NA,NA,NA,NA,NA
PMGRC-146-146-0_LS4339100_SQ8369_RNA,CNH_I_SQ8369,NA,NA,NA,GRCh38,http://ftp.1000genomes.ebi.ac.uk/vol1/ftp/technical/reference/GRCh38_reference_genome/GRCh38_full_analysis_set_plus_decoy_hla.fa,NA,GENCODEv41,gencode_comprehensive_chr,STARv2.7.10a,NA,NA,NA,NA,NA,NA,NA
PMGRC-147-146-2_LS4339099_SQ8368_RNA,CNH_I_SQ8368,NA,NA,NA,GRCh38,http://ftp.1000genomes.ebi.ac.uk/vol1/ftp/technical/reference/GRCh38_reference_genome/GRCh38_full_analysis_set_plus_decoy_hla.fa,NA,GENCODEv41,gencode_comprehensive_chr,STARv2.7.10a,NA,NA,NA,NA,NA,NA,NA
PMGRC-148-148-0_LS4339056_SQ11660_RNA,CNH_I_SQ11660,NA,NA,NA,GRCh38,http://ftp.1000genomes.ebi.ac.uk/vol1/ftp/technical/reference/GRCh38_reference_genome/GRCh38_full_analysis_set_plus_decoy_hla.fa,NA,GENCODEv41,gencode_comprehensive_chr,STARv2.7.10a,NA,NA,NA,NA,NA,NA,NA
PMGRC-149-148-2_LS4339054_SQ11658_RNA,CNH_I_SQ11658,NA,NA,NA,GRCh38,http://ftp.1000genomes.ebi.ac.uk/vol1/ftp/technical/reference/GRCh38_reference_genome/GRCh38_full_analysis_set_plus_decoy_hla.fa,NA,GENCODEv41,gencode_comprehensive_chr,STARv2.7.10a,NA,NA,NA,NA,NA,NA,NA
PMGRC-150-148-1_LS4339055_SQ11659_RNA,CNH_I_SQ11659,NA,NA,NA,GRCh38,http://ftp.1000genomes.ebi.ac.uk/vol1/ftp/technical/reference/GRCh38_reference_genome/GRCh38_full_analysis_set_plus_decoy_hla.fa,NA,GENCODEv41,gencode_comprehensive_chr,STARv2.7.10a,NA,NA,NA,NA,NA,NA,NA
PMGRC-157-146-1_LS4339101_SQ8370_RNA,CNH_I_SQ8370,NA,NA,NA,GRCh38,http://ftp.1000genomes.ebi.ac.uk/vol1/ftp/technical/reference/GRCh38_reference_genome/GRCh38_full_analysis_set_plus_decoy_hla.fa,NA,GENCODEv41,gencode_comprehensive_chr,STARv2.7.10a,NA,NA,NA,NA,NA,NA,NA
PMGRC-164-164-0_LS4339065_SQ11669_RNA,CNH_I_SQ11669,NA,NA,NA,GRCh38,http://ftp.1000genomes.ebi.ac.uk/vol1/ftp/technical/reference/GRCh38_reference_genome/GRCh38_full_analysis_set_plus_decoy_hla.fa,NA,GENCODEv41,gencode_comprehensive_chr,STARv2.7.10a,NA,NA,NA,NA,NA,NA,NA
PMGRC-165-164-2_LS4339066_SQ11670_RNA,CNH_I_SQ11670,NA,NA,NA,GRCh38,http://ftp.1000genomes.ebi.ac.uk/vol1/ftp/technical/reference/GRCh38_reference_genome/GRCh38_full_analysis_set_plus_decoy_hla.fa,NA,GENCODEv41,gencode_comprehensive_chr,STARv2.7.10a,NA,NA,NA,NA,NA,NA,NA
PMGRC-166-164-1_LS4339061_SQ11665_RNA,CNH_I_SQ11665,NA,NA,NA,GRCh38,http://ftp.1000genomes.ebi.ac.uk/vol1/ftp/technical/reference/GRCh38_reference_genome/GRCh38_full_analysis_set_plus_decoy_hla.fa,NA,GENCODEv41,gencode_comprehensive_chr,STARv2.7.10a,NA,NA,NA,NA,NA,NA,NA
PMGRC-167-167-0_LS4339059_SQ11663_RNA,CNH_I_SQ11663,NA,NA,NA,GRCh38,http://ftp.1000genomes.ebi.ac.uk/vol1/ftp/technical/reference/GRCh38_reference_genome/GRCh38_full_analysis_set_plus_decoy_hla.fa,NA,GENCODEv41,gencode_comprehensive_chr,STARv2.7.10a,NA,NA,NA,NA,NA,NA,NA
PMGRC-168-167-2_LS4339057_SQ11661_RNA,CNH_I_SQ11661,NA,NA,NA,GRCh38,http://ftp.1000genomes.ebi.ac.uk/vol1/ftp/technical/reference/GRCh38_reference_genome/GRCh38_full_analysis_set_plus_decoy_hla.fa,NA,GENCODEv41,gencode_comprehensive_chr,STARv2.7.10a,NA,NA,NA,NA,NA,NA,NA
PMGRC-169-167-1_LS4339058_SQ11662_RNA,CNH_I_SQ11662,NA,NA,NA,GRCh38,http://ftp.1000genomes.ebi.ac.uk/vol1/ftp/technical/reference/GRCh38_reference_genome/GRCh38_full_analysis_set_plus_decoy_hla.fa,NA,GENCODEv41,gencode_comprehensive_chr,STARv2.7.10a,NA,NA,NA,NA,NA,NA,NA
PMGRC-178-178-0_LS4716312_SQ11971_RNA,CNH_I_SQ11971,NA,NA,NA,GRCh38,http://ftp.1000genomes.ebi.ac.uk/vol1/ftp/technical/reference/GRCh38_reference_genome/GRCh38_full_analysis_set_plus_decoy_hla.fa,NA,GENCODEv41,gencode_comprehensive_chr,STARv2.7.10a,NA,NA,NA,NA,NA,NA,NA
PMGRC-179-178-2_LS4716288_SQ11947_RNA,CNH_I_SQ11947,NA,NA,NA,GRCh38,http://ftp.1000genomes.ebi.ac.uk/vol1/ftp/technical/reference/GRCh38_reference_genome/GRCh38_full_analysis_set_plus_decoy_hla.fa,NA,GENCODEv41,gencode_comprehensive_chr,STARv2.7.10a,NA,NA,NA,NA,NA,NA,NA
PMGRC-180-178-1_LS4716300_SQ11959_RNA,CNH_I_SQ11959,NA,NA,NA,GRCh38,http://ftp.1000genomes.ebi.ac.uk/vol1/ftp/technical/reference/GRCh38_reference_genome/GRCh38_full_analysis_set_plus_decoy_hla.fa,NA,GENCODEv41,gencode_comprehensive_chr,STARv2.7.10a,NA,NA,NA,NA,NA,NA,NA
PMGRC-181-181-0_LS4716301_SQ11960_RNA,CNH_I_SQ11960,NA,NA,NA,GRCh38,http://ftp.1000genomes.ebi.ac.uk/vol1/ftp/technical/reference/GRCh38_reference_genome/GRCh38_full_analysis_set_plus_decoy_hla.fa,NA,GENCODEv41,gencode_comprehensive_chr,STARv2.7.10a,NA,NA,NA,NA,NA,NA,NA
PMGRC-182-181-2_LS4716317_SQ11977_RNA,CNH_I_SQ11977,NA,NA,NA,GRCh38,http://ftp.1000genomes.ebi.ac.uk/vol1/ftp/technical/reference/GRCh38_reference_genome/GRCh38_full_analysis_set_plus_decoy_hla.fa,NA,GENCODEv41,gencode_comprehensive_chr,STARv2.7.10a,NA,NA,NA,NA,NA,NA,NA
PMGRC-194-194-0_LS4339071_SQ6058_RNA,CNH_I_SQ6058,NA,NA,NA,GRCh38,http://ftp.1000genomes.ebi.ac.uk/vol1/ftp/technical/reference/GRCh38_reference_genome/GRCh38_full_analysis_set_plus_decoy_hla.fa,NA,GENCODEv41,gencode_comprehensive_chr,STARv2.7.10a,NA,NA,NA,NA,NA,NA,NA
PMGRC-195-195-0_LS4716297_SQ11956_RNA,CNH_I_SQ11956,NA,NA,NA,GRCh38,http://ftp.1000genomes.ebi.ac.uk/vol1/ftp/technical/reference/GRCh38_reference_genome/GRCh38_full_analysis_set_plus_decoy_hla.fa,NA,GENCODEv41,gencode_comprehensive_chr,STARv2.7.10a,NA,NA,NA,NA,NA,NA,NA
PMGRC-196-195-3_LS4716295_SQ11954_RNA,CNH_I_SQ11954,NA,NA,NA,GRCh38,http://ftp.1000genomes.ebi.ac.uk/vol1/ftp/technical/reference/GRCh38_reference_genome/GRCh38_full_analysis_set_plus_decoy_hla.fa,NA,GENCODEv41,gencode_comprehensive_chr,STARv2.7.10a,NA,NA,NA,NA,NA,NA,NA
PMGRC-197-195-2_LS4716325_SQ11985_RNA,CNH_I_SQ11985,NA,NA,NA,GRCh38,http://ftp.1000genomes.ebi.ac.uk/vol1/ftp/technical/reference/GRCh38_reference_genome/GRCh38_full_analysis_set_plus_decoy_hla.fa,NA,GENCODEv41,gencode_comprehensive_chr,STARv2.7.10a,NA,NA,NA,NA,NA,NA,NA
PMGRC-205-205-0_LS4339120_SQ11672_RNA,CNH_I_SQ11672,NA,NA,NA,GRCh38,http://ftp.1000genomes.ebi.ac.uk/vol1/ftp/technical/reference/GRCh38_reference_genome/GRCh38_full_analysis_set_plus_decoy_hla.fa,NA,GENCODEv41,gencode_comprehensive_chr,STARv2.7.10a,NA,NA,NA,NA,NA,NA,NA
PMGRC-206-206-0_LS4339063_SQ11667_RNA,CNH_I_SQ11667,NA,NA,NA,GRCh38,http://ftp.1000genomes.ebi.ac.uk/vol1/ftp/technical/reference/GRCh38_reference_genome/GRCh38_full_analysis_set_plus_decoy_hla.fa,NA,GENCODEv41,gencode_comprehensive_chr,STARv2.7.10a,NA,NA,NA,NA,NA,NA,NA
PMGRC-207-206-2_LS4339064_SQ6037_RNA,CNH_I_SQ6037,NA,NA,NA,GRCh38,http://ftp.1000genomes.ebi.ac.uk/vol1/ftp/technical/reference/GRCh38_reference_genome/GRCh38_full_analysis_set_plus_decoy_hla.fa,NA,GENCODEv41,gencode_comprehensive_chr,STARv2.7.10a,NA,NA,NA,NA,NA,NA,NA
PMGRC-208-209-1_LS4339078_SQ8348_RNA,CNH_I_SQ8348,NA,NA,NA,GRCh38,http://ftp.1000genomes.ebi.ac.uk/vol1/ftp/technical/reference/GRCh38_reference_genome/GRCh38_full_analysis_set_plus_decoy_hla.fa,NA,GENCODEv41,gencode_comprehensive_chr,STARv2.7.10a,NA,NA,NA,NA,NA,NA,NA
PMGRC-209-209-0_LS4339089_SQ8359_RNA,CNH_I_SQ8359,NA,NA,NA,GRCh38,http://ftp.1000genomes.ebi.ac.uk/vol1/ftp/technical/reference/GRCh38_reference_genome/GRCh38_full_analysis_set_plus_decoy_hla.fa,NA,GENCODEv41,gencode_comprehensive_chr,STARv2.7.10a,NA,NA,NA,NA,NA,NA,NA
PMGRC-218-81-2_LS4339068_SQ6055_RNA,CNH_I_SQ6055,NA,NA,NA,GRCh38,http://ftp.1000genomes.ebi.ac.uk/vol1/ftp/technical/reference/GRCh38_reference_genome/GRCh38_full_analysis_set_plus_decoy_hla.fa,NA,GENCODEv41,gencode_comprehensive_chr,STARv2.7.10a,NA,NA,NA,NA,NA,NA,NA
PMGRC-219-181-1_LS4716323_SQ11983_RNA,CNH_I_SQ11983,NA,NA,NA,GRCh38,http://ftp.1000genomes.ebi.ac.uk/vol1/ftp/technical/reference/GRCh38_reference_genome/GRCh38_full_analysis_set_plus_decoy_hla.fa,NA,GENCODEv41,gencode_comprehensive_chr,STARv2.7.10a,NA,NA,NA,NA,NA,NA,NA
PMGRC-226-226-0_LS4716311_SQ11970_RNA,CNH_I_SQ11970,NA,NA,NA,GRCh38,http://ftp.1000genomes.ebi.ac.uk/vol1/ftp/technical/reference/GRCh38_reference_genome/GRCh38_full_analysis_set_plus_decoy_hla.fa,NA,GENCODEv41,gencode_comprehensive_chr,STARv2.7.10a,NA,NA,NA,NA,NA,NA,NA
PMGRC-227-226-2_LS4716314_SQ11973_RNA,CNH_I_SQ11973,NA,NA,NA,GRCh38,http://ftp.1000genomes.ebi.ac.uk/vol1/ftp/technical/reference/GRCh38_reference_genome/GRCh38_full_analysis_set_plus_decoy_hla.fa,NA,GENCODEv41,gencode_comprehensive_chr,STARv2.7.10a,NA,NA,NA,NA,NA,NA,NA
PMGRC-229-194-1_LS4339067_SQ11671_RNA,CNH_I_SQ11671,NA,NA,NA,GRCh38,http://ftp.1000genomes.ebi.ac.uk/vol1/ftp/technical/reference/GRCh38_reference_genome/GRCh38_full_analysis_set_plus_decoy_hla.fa,NA,GENCODEv41,gencode_comprehensive_chr,STARv2.7.10a,NA,NA,NA,NA,NA,NA,NA
PMGRC-229-194-1_LS4339067_SQ6054_RNA,CNH_I_SQ6054,NA,NA,NA,GRCh38,http://ftp.1000genomes.ebi.ac.uk/vol1/ftp/technical/reference/GRCh38_reference_genome/GRCh38_full_analysis_set_plus_decoy_hla.fa,NA,GENCODEv41,gencode_comprehensive_chr,STARv2.7.10a,NA,NA,NA,NA,NA,NA,NA
PMGRC-229-194-1_LS4339067_SQ8388_RNA,CNH_I_SQ8388,NA,NA,NA,GRCh38,http://ftp.1000genomes.ebi.ac.uk/vol1/ftp/technical/reference/GRCh38_reference_genome/GRCh38_full_analysis_set_plus_decoy_hla.fa,NA,GENCODEv41,gencode_comprehensive_chr,STARv2.7.10a,NA,NA,NA,NA,NA,NA,NA
PMGRC-229-194-1_LS4339067_SQ9313_RNA,CNH_I_SQ9313,NA,NA,NA,GRCh38,http://ftp.1000genomes.ebi.ac.uk/vol1/ftp/technical/reference/GRCh38_reference_genome/GRCh38_full_analysis_set_plus_decoy_hla.fa,NA,GENCODEv41,gencode_comprehensive_chr,STARv2.7.10a,NA,NA,NA,NA,NA,NA,NA
PMGRC-230-79-1_LS4339075_SQ8345_RNA,CNH_I_SQ8345,NA,NA,NA,GRCh38,http://ftp.1000genomes.ebi.ac.uk/vol1/ftp/technical/reference/GRCh38_reference_genome/GRCh38_full_analysis_set_plus_decoy_hla.fa,NA,GENCODEv41,gencode_comprehensive_chr,STARv2.7.10a,NA,NA,NA,NA,NA,NA,NA
PMGRC-231-79-2_LS4339076_SQ8346_RNA,CNH_I_SQ8346,NA,NA,NA,GRCh38,http://ftp.1000genomes.ebi.ac.uk/vol1/ftp/technical/reference/GRCh38_reference_genome/GRCh38_full_analysis_set_plus_decoy_hla.fa,NA,GENCODEv41,gencode_comprehensive_chr,STARv2.7.10a,NA,NA,NA,NA,NA,NA,NA
PMGRC-234-234-0_LS4339077_SQ8347_RNA,CNH_I_SQ8347,NA,NA,NA,GRCh38,http://ftp.1000genomes.ebi.ac.uk/vol1/ftp/technical/reference/GRCh38_reference_genome/GRCh38_full_analysis_set_plus_decoy_hla.fa,NA,GENCODEv41,gencode_comprehensive_chr,STARv2.7.10a,NA,NA,NA,NA,NA,NA,NA
PMGRC-239-239-0_LS4339124_SQ6041_RNA,CNH_I_SQ6041,NA,NA,NA,GRCh38,http://ftp.1000genomes.ebi.ac.uk/vol1/ftp/technical/reference/GRCh38_reference_genome/GRCh38_full_analysis_set_plus_decoy_hla.fa,NA,GENCODEv41,gencode_comprehensive_chr,STARv2.7.10a,NA,NA,NA,NA,NA,NA,NA
PMGRC-240-240-0_LS4339121_SQ6038_RNA,CNH_I_SQ6038,NA,NA,NA,GRCh38,http://ftp.1000genomes.ebi.ac.uk/vol1/ftp/technical/reference/GRCh38_reference_genome/GRCh38_full_analysis_set_plus_decoy_hla.fa,NA,GENCODEv41,gencode_comprehensive_chr,STARv2.7.10a,NA,NA,NA,NA,NA,NA,NA
PMGRC-241-32-1_LS4339086_SQ8356_RNA,CNH_I_SQ8356,NA,NA,NA,GRCh38,http://ftp.1000genomes.ebi.ac.uk/vol1/ftp/technical/reference/GRCh38_reference_genome/GRCh38_full_analysis_set_plus_decoy_hla.fa,NA,GENCODEv41,gencode_comprehensive_chr,STARv2.7.10a,NA,NA,NA,NA,NA,NA,NA
PMGRC-248-248-0_LS4339130_SQ6047_RNA,CNH_I_SQ6047,NA,NA,NA,GRCh38,http://ftp.1000genomes.ebi.ac.uk/vol1/ftp/technical/reference/GRCh38_reference_genome/GRCh38_full_analysis_set_plus_decoy_hla.fa,NA,GENCODEv41,gencode_comprehensive_chr,STARv2.7.10a,NA,NA,NA,NA,NA,NA,NA
PMGRC-249-248-2_LS4339129_SQ6046_RNA,CNH_I_SQ6046,NA,NA,NA,GRCh38,http://ftp.1000genomes.ebi.ac.uk/vol1/ftp/technical/reference/GRCh38_reference_genome/GRCh38_full_analysis_set_plus_decoy_hla.fa,NA,GENCODEv41,gencode_comprehensive_chr,STARv2.7.10a,NA,NA,NA,NA,NA,NA,NA
PMGRC-265-265-0_LS4339119_SQ9303_RNA,CNH_I_SQ9303,NA,NA,NA,GRCh38,http://ftp.1000genomes.ebi.ac.uk/vol1/ftp/technical/reference/GRCh38_reference_genome/GRCh38_full_analysis_set_plus_decoy_hla.fa,NA,GENCODEv41,gencode_comprehensive_chr,STARv2.7.10a,NA,NA,NA,NA,NA,NA,NA
PMGRC-279-279-0_LS4339133_SQ6050_RNA,CNH_I_SQ6050,NA,NA,NA,GRCh38,http://ftp.1000genomes.ebi.ac.uk/vol1/ftp/technical/reference/GRCh38_reference_genome/GRCh38_full_analysis_set_plus_decoy_hla.fa,NA,GENCODEv41,gencode_comprehensive_chr,STARv2.7.10a,NA,NA,NA,NA,NA,NA,NA
PMGRC-282-279-2_LS4339135_SQ6052_RNA,CNH_I_SQ6052,NA,NA,NA,GRCh38,http://ftp.1000genomes.ebi.ac.uk/vol1/ftp/technical/reference/GRCh38_reference_genome/GRCh38_full_analysis_set_plus_decoy_hla.fa,NA,GENCODEv41,gencode_comprehensive_chr,STARv2.7.10a,NA,NA,NA,NA,NA,NA,NA
PMGRC-283-279-1_LS4339134_SQ6051_RNA,CNH_I_SQ6051,NA,NA,NA,GRCh38,http://ftp.1000genomes.ebi.ac.uk/vol1/ftp/technical/reference/GRCh38_reference_genome/GRCh38_full_analysis_set_plus_decoy_hla.fa,NA,GENCODEv41,gencode_comprehensive_chr,STARv2.7.10a,NA,NA,NA,NA,NA,NA,NA
PMGRC-284-284-0_LS4339127_SQ6044_RNA,CNH_I_SQ6044,NA,NA,NA,GRCh38,http://ftp.1000genomes.ebi.ac.uk/vol1/ftp/technical/reference/GRCh38_reference_genome/GRCh38_full_analysis_set_plus_decoy_hla.fa,NA,GENCODEv41,gencode_comprehensive_chr,STARv2.7.10a,NA,NA,NA,NA,NA,NA,NA
PMGRC-285-284-1_LS4339125_SQ6042_RNA,CNH_I_SQ6042,NA,NA,NA,GRCh38,http://ftp.1000genomes.ebi.ac.uk/vol1/ftp/technical/reference/GRCh38_reference_genome/GRCh38_full_analysis_set_plus_decoy_hla.fa,NA,GENCODEv41,gencode_comprehensive_chr,STARv2.7.10a,NA,NA,NA,NA,NA,NA,NA
PMGRC-286-284-2_LS4339126_SQ6043_RNA,CNH_I_SQ6043,NA,NA,NA,GRCh38,http://ftp.1000genomes.ebi.ac.uk/vol1/ftp/technical/reference/GRCh38_reference_genome/GRCh38_full_analysis_set_plus_decoy_hla.fa,NA,GENCODEv41,gencode_comprehensive_chr,STARv2.7.10a,NA,NA,NA,NA,NA,NA,NA
PMGRC-289-289-0_LS4339132_SQ6049_RNA,CNH_I_SQ6049,NA,NA,NA,GRCh38,http://ftp.1000genomes.ebi.ac.uk/vol1/ftp/technical/reference/GRCh38_reference_genome/GRCh38_full_analysis_set_plus_decoy_hla.fa,NA,GENCODEv41,gencode_comprehensive_chr,STARv2.7.10a,NA,NA,NA,NA,NA,NA,NA
PMGRC-290-289-1_LS4339131_SQ6048_RNA,CNH_I_SQ6048,NA,NA,NA,GRCh38,http://ftp.1000genomes.ebi.ac.uk/vol1/ftp/technical/reference/GRCh38_reference_genome/GRCh38_full_analysis_set_plus_decoy_hla.fa,NA,GENCODEv41,gencode_comprehensive_chr,STARv2.7.10a,NA,NA,NA,NA,NA,NA,NA
PMGRC-299-299-0_LS4339137_SQ9305_RNA,CNH_I_SQ9305,NA,NA,NA,GRCh38,http://ftp.1000genomes.ebi.ac.uk/vol1/ftp/technical/reference/GRCh38_reference_genome/GRCh38_full_analysis_set_plus_decoy_hla.fa,NA,GENCODEv41,gencode_comprehensive_chr,STARv2.7.10a,NA,NA,NA,NA,NA,NA,NA
PMGRC-3-3-0_LS4339112_SQ8381_RNA,CNH_I_SQ8381,NA,NA,NA,GRCh38,http://ftp.1000genomes.ebi.ac.uk/vol1/ftp/technical/reference/GRCh38_reference_genome/GRCh38_full_analysis_set_plus_decoy_hla.fa,NA,GENCODEv41,gencode_comprehensive_chr,STARv2.7.10a,NA,NA,NA,NA,NA,NA,NA
PMGRC-300-299-2_LS4339136_SQ9304_RNA,CNH_I_SQ9304,NA,NA,NA,GRCh38,http://ftp.1000genomes.ebi.ac.uk/vol1/ftp/technical/reference/GRCh38_reference_genome/GRCh38_full_analysis_set_plus_decoy_hla.fa,NA,GENCODEv41,gencode_comprehensive_chr,STARv2.7.10a,NA,NA,NA,NA,NA,NA,NA
PMGRC-31-32-2_LS4339088_SQ8358_RNA,CNH_I_SQ8358,NA,NA,NA,GRCh38,http://ftp.1000genomes.ebi.ac.uk/vol1/ftp/technical/reference/GRCh38_reference_genome/GRCh38_full_analysis_set_plus_decoy_hla.fa,NA,GENCODEv41,gencode_comprehensive_chr,STARv2.7.10a,NA,NA,NA,NA,NA,NA,NA
PMGRC-32-32-0_LS4339087_SQ8357_RNA,CNH_I_SQ8357,NA,NA,NA,GRCh38,http://ftp.1000genomes.ebi.ac.uk/vol1/ftp/technical/reference/GRCh38_reference_genome/GRCh38_full_analysis_set_plus_decoy_hla.fa,NA,GENCODEv41,gencode_comprehensive_chr,STARv2.7.10a,NA,NA,NA,NA,NA,NA,NA
PMGRC-351-351-0_LS4716285_SQ11944_RNA,CNH_I_SQ11944,NA,NA,NA,GRCh38,http://ftp.1000genomes.ebi.ac.uk/vol1/ftp/technical/reference/GRCh38_reference_genome/GRCh38_full_analysis_set_plus_decoy_hla.fa,NA,GENCODEv41,gencode_comprehensive_chr,STARv2.7.10a,NA,NA,NA,NA,NA,NA,NA
PMGRC-352-351-1_LS4716281_SQ11940_RNA,CNH_I_SQ11940,NA,NA,NA,GRCh38,http://ftp.1000genomes.ebi.ac.uk/vol1/ftp/technical/reference/GRCh38_reference_genome/GRCh38_full_analysis_set_plus_decoy_hla.fa,NA,GENCODEv41,gencode_comprehensive_chr,STARv2.7.10a,NA,NA,NA,NA,NA,NA,NA
PMGRC-353-351-2_LS4716313_SQ11972_RNA,CNH_I_SQ11972,NA,NA,NA,GRCh38,http://ftp.1000genomes.ebi.ac.uk/vol1/ftp/technical/reference/GRCh38_reference_genome/GRCh38_full_analysis_set_plus_decoy_hla.fa,NA,GENCODEv41,gencode_comprehensive_chr,STARv2.7.10a,NA,NA,NA,NA,NA,NA,NA
PMGRC-366-366-0_LS4716327_SQ11987_RNA,CNH_I_SQ11987,NA,NA,NA,GRCh38,http://ftp.1000genomes.ebi.ac.uk/vol1/ftp/technical/reference/GRCh38_reference_genome/GRCh38_full_analysis_set_plus_decoy_hla.fa,NA,GENCODEv41,gencode_comprehensive_chr,STARv2.7.10a,NA,NA,NA,NA,NA,NA,NA
PMGRC-367-366-2_LS4716293_SQ11952_RNA,CNH_I_SQ11952,NA,NA,NA,GRCh38,http://ftp.1000genomes.ebi.ac.uk/vol1/ftp/technical/reference/GRCh38_reference_genome/GRCh38_full_analysis_set_plus_decoy_hla.fa,NA,GENCODEv41,gencode_comprehensive_chr,STARv2.7.10a,NA,NA,NA,NA,NA,NA,NA
PMGRC-368-366-1_LS4716326_SQ11986_RNA,CNH_I_SQ11986,NA,NA,NA,GRCh38,http://ftp.1000genomes.ebi.ac.uk/vol1/ftp/technical/reference/GRCh38_reference_genome/GRCh38_full_analysis_set_plus_decoy_hla.fa,NA,GENCODEv41,gencode_comprehensive_chr,STARv2.7.10a,NA,NA,NA,NA,NA,NA,NA
PMGRC-37-39-2_LS4339138_SQ9306_RNA,CNH_I_SQ9306,NA,NA,NA,GRCh38,http://ftp.1000genomes.ebi.ac.uk/vol1/ftp/technical/reference/GRCh38_reference_genome/GRCh38_full_analysis_set_plus_decoy_hla.fa,NA,GENCODEv41,gencode_comprehensive_chr,STARv2.7.10a,NA,NA,NA,NA,NA,NA,NA
PMGRC-38-39-1_LS4339140_SQ9308_RNA,CNH_I_SQ9308,NA,NA,NA,GRCh38,http://ftp.1000genomes.ebi.ac.uk/vol1/ftp/technical/reference/GRCh38_reference_genome/GRCh38_full_analysis_set_plus_decoy_hla.fa,NA,GENCODEv41,gencode_comprehensive_chr,STARv2.7.10a,NA,NA,NA,NA,NA,NA,NA
PMGRC-39-39-0_LS4339139_SQ9307_RNA,CNH_I_SQ9307,NA,NA,NA,GRCh38,http://ftp.1000genomes.ebi.ac.uk/vol1/ftp/technical/reference/GRCh38_reference_genome/GRCh38_full_analysis_set_plus_decoy_hla.fa,NA,GENCODEv41,gencode_comprehensive_chr,STARv2.7.10a,NA,NA,NA,NA,NA,NA,NA
PMGRC-4-3-2_LS4339108_SQ8377_RNA,CNH_I_SQ8377,NA,NA,NA,GRCh38,http://ftp.1000genomes.ebi.ac.uk/vol1/ftp/technical/reference/GRCh38_reference_genome/GRCh38_full_analysis_set_plus_decoy_hla.fa,NA,GENCODEv41,gencode_comprehensive_chr,STARv2.7.10a,NA,NA,NA,NA,NA,NA,NA
PMGRC-43-43-0_LS4339109_SQ8378_RNA,CNH_I_SQ8378,NA,NA,NA,GRCh38,http://ftp.1000genomes.ebi.ac.uk/vol1/ftp/technical/reference/GRCh38_reference_genome/GRCh38_full_analysis_set_plus_decoy_hla.fa,NA,GENCODEv41,gencode_comprehensive_chr,STARv2.7.10a,NA,NA,NA,NA,NA,NA,NA
PMGRC-44-43-2_LS4339113_SQ8382_RNA,CNH_I_SQ8382,NA,NA,NA,GRCh38,http://ftp.1000genomes.ebi.ac.uk/vol1/ftp/technical/reference/GRCh38_reference_genome/GRCh38_full_analysis_set_plus_decoy_hla.fa,NA,GENCODEv41,gencode_comprehensive_chr,STARv2.7.10a,NA,NA,NA,NA,NA,NA,NA
PMGRC-45-43-1_LS4339114_SQ9315_RNA,CNH_I_SQ9315,NA,NA,NA,GRCh38,http://ftp.1000genomes.ebi.ac.uk/vol1/ftp/technical/reference/GRCh38_reference_genome/GRCh38_full_analysis_set_plus_decoy_hla.fa,NA,GENCODEv41,gencode_comprehensive_chr,STARv2.7.10a,NA,NA,NA,NA,NA,NA,"poor RIN, low read count"
PMGRC-459-459-0_LS4716316_SQ11976_RNA,CNH_I_SQ11976,NA,NA,NA,GRCh38,http://ftp.1000genomes.ebi.ac.uk/vol1/ftp/technical/reference/GRCh38_reference_genome/GRCh38_full_analysis_set_plus_decoy_hla.fa,NA,GENCODEv41,gencode_comprehensive_chr,STARv2.7.10a,NA,NA,NA,NA,NA,NA,NA
PMGRC-46-46-0_LS4339085_SQ8355_RNA,CNH_I_SQ8355,NA,NA,NA,GRCh38,http://ftp.1000genomes.ebi.ac.uk/vol1/ftp/technical/reference/GRCh38_reference_genome/GRCh38_full_analysis_set_plus_decoy_hla.fa,NA,GENCODEv41,gencode_comprehensive_chr,STARv2.7.10a,NA,NA,NA,NA,NA,NA,NA
PMGRC-460-459-2_LS4716320_SQ11980_RNA,CNH_I_SQ11980,NA,NA,NA,GRCh38,http://ftp.1000genomes.ebi.ac.uk/vol1/ftp/technical/reference/GRCh38_reference_genome/GRCh38_full_analysis_set_plus_decoy_hla.fa,NA,GENCODEv41,gencode_comprehensive_chr,STARv2.7.10a,NA,NA,NA,NA,NA,NA,NA
PMGRC-461-459-1_LS4716307_SQ11966_RNA,CNH_I_SQ11966,NA,NA,NA,GRCh38,http://ftp.1000genomes.ebi.ac.uk/vol1/ftp/technical/reference/GRCh38_reference_genome/GRCh38_full_analysis_set_plus_decoy_hla.fa,NA,GENCODEv41,gencode_comprehensive_chr,STARv2.7.10a,NA,NA,NA,NA,NA,NA,NA
PMGRC-47-46-2_LS4339084_SQ8354_RNA,CNH_I_SQ8354,NA,NA,NA,GRCh38,http://ftp.1000genomes.ebi.ac.uk/vol1/ftp/technical/reference/GRCh38_reference_genome/GRCh38_full_analysis_set_plus_decoy_hla.fa,NA,GENCODEv41,gencode_comprehensive_chr,STARv2.7.10a,NA,NA,NA,NA,NA,NA,NA
PMGRC-48-48-0_LS4339069_SQ6056_RNA,CNH_I_SQ6056,NA,NA,NA,GRCh38,http://ftp.1000genomes.ebi.ac.uk/vol1/ftp/technical/reference/GRCh38_reference_genome/GRCh38_full_analysis_set_plus_decoy_hla.fa,NA,GENCODEv41,gencode_comprehensive_chr,STARv2.7.10a,NA,NA,NA,NA,NA,NA,NA
PMGRC-485-485-0_LS4716303_SQ11962_RNA,CNH_I_SQ11962,NA,NA,NA,GRCh38,http://ftp.1000genomes.ebi.ac.uk/vol1/ftp/technical/reference/GRCh38_reference_genome/GRCh38_full_analysis_set_plus_decoy_hla.fa,NA,GENCODEv41,gencode_comprehensive_chr,STARv2.7.10a,NA,NA,NA,NA,NA,NA,NA
PMGRC-486-485-2_LS4716309_SQ11968_RNA,CNH_I_SQ11968,NA,NA,NA,GRCh38,http://ftp.1000genomes.ebi.ac.uk/vol1/ftp/technical/reference/GRCh38_reference_genome/GRCh38_full_analysis_set_plus_decoy_hla.fa,NA,GENCODEv41,gencode_comprehensive_chr,STARv2.7.10a,NA,NA,NA,NA,NA,NA,NA
PMGRC-487-485-1_LS4716294_SQ11953_RNA,CNH_I_SQ11953,NA,NA,NA,GRCh38,http://ftp.1000genomes.ebi.ac.uk/vol1/ftp/technical/reference/GRCh38_reference_genome/GRCh38_full_analysis_set_plus_decoy_hla.fa,NA,GENCODEv41,gencode_comprehensive_chr,STARv2.7.10a,NA,NA,NA,NA,NA,NA,NA
PMGRC-49-48-2_LS4339070_SQ6057_RNA,CNH_I_SQ6057,NA,NA,NA,GRCh38,http://ftp.1000genomes.ebi.ac.uk/vol1/ftp/technical/reference/GRCh38_reference_genome/GRCh38_full_analysis_set_plus_decoy_hla.fa,NA,GENCODEv41,gencode_comprehensive_chr,STARv2.7.10a,NA,NA,NA,NA,NA,NA,NA
PMGRC-497-497-0_LS4716284_SQ11943_RNA,CNH_I_SQ11943,NA,NA,NA,GRCh38,http://ftp.1000genomes.ebi.ac.uk/vol1/ftp/technical/reference/GRCh38_reference_genome/GRCh38_full_analysis_set_plus_decoy_hla.fa,NA,GENCODEv41,gencode_comprehensive_chr,STARv2.7.10a,NA,NA,NA,NA,NA,NA,NA
PMGRC-498-497-1_LS4716290_SQ11949_RNA,CNH_I_SQ11949,NA,NA,NA,GRCh38,http://ftp.1000genomes.ebi.ac.uk/vol1/ftp/technical/reference/GRCh38_reference_genome/GRCh38_full_analysis_set_plus_decoy_hla.fa,NA,GENCODEv41,gencode_comprehensive_chr,STARv2.7.10a,NA,NA,NA,NA,NA,NA,NA
PMGRC-499-497-2_LS4716289_SQ11948_RNA,CNH_I_SQ11948,NA,NA,NA,GRCh38,http://ftp.1000genomes.ebi.ac.uk/vol1/ftp/technical/reference/GRCh38_reference_genome/GRCh38_full_analysis_set_plus_decoy_hla.fa,NA,GENCODEv41,gencode_comprehensive_chr,STARv2.7.10a,NA,NA,NA,NA,NA,NA,NA
PMGRC-5-5-0_LS4339072_SQ8342_RNA,CNH_I_SQ8342,NA,NA,NA,GRCh38,http://ftp.1000genomes.ebi.ac.uk/vol1/ftp/technical/reference/GRCh38_reference_genome/GRCh38_full_analysis_set_plus_decoy_hla.fa,NA,GENCODEv41,gencode_comprehensive_chr,STARv2.7.10a,NA,NA,NA,NA,NA,NA,NA
PMGRC-509-509-0_LS4716287_SQ11946_RNA,CNH_I_SQ11946,NA,NA,NA,GRCh38,http://ftp.1000genomes.ebi.ac.uk/vol1/ftp/technical/reference/GRCh38_reference_genome/GRCh38_full_analysis_set_plus_decoy_hla.fa,NA,GENCODEv41,gencode_comprehensive_chr,STARv2.7.10a,NA,NA,NA,NA,NA,NA,NA
PMGRC-510-509-2_LS4716304_SQ11963_RNA,CNH_I_SQ11963,NA,NA,NA,GRCh38,http://ftp.1000genomes.ebi.ac.uk/vol1/ftp/technical/reference/GRCh38_reference_genome/GRCh38_full_analysis_set_plus_decoy_hla.fa,NA,GENCODEv41,gencode_comprehensive_chr,STARv2.7.10a,NA,NA,NA,NA,NA,NA,NA
PMGRC-511-509-1_LS4716292_SQ11951_RNA,CNH_I_SQ11951,NA,NA,NA,GRCh38,http://ftp.1000genomes.ebi.ac.uk/vol1/ftp/technical/reference/GRCh38_reference_genome/GRCh38_full_analysis_set_plus_decoy_hla.fa,NA,GENCODEv41,gencode_comprehensive_chr,STARv2.7.10a,NA,NA,NA,NA,NA,NA,NA
PMGRC-517-517-0_LS4716305_SQ11964_RNA,CNH_I_SQ11964,NA,NA,NA,GRCh38,http://ftp.1000genomes.ebi.ac.uk/vol1/ftp/technical/reference/GRCh38_reference_genome/GRCh38_full_analysis_set_plus_decoy_hla.fa,NA,GENCODEv41,gencode_comprehensive_chr,STARv2.7.10a,NA,NA,NA,NA,NA,NA,NA
PMGRC-518-517-2_LS4716282_SQ11941_RNA,CNH_I_SQ11941,NA,NA,NA,GRCh38,http://ftp.1000genomes.ebi.ac.uk/vol1/ftp/technical/reference/GRCh38_reference_genome/GRCh38_full_analysis_set_plus_decoy_hla.fa,NA,GENCODEv41,gencode_comprehensive_chr,STARv2.7.10a,NA,NA,NA,NA,NA,NA,NA
PMGRC-519-517-1_LS4716283_SQ11942_RNA,CNH_I_SQ11942,NA,NA,NA,GRCh38,http://ftp.1000genomes.ebi.ac.uk/vol1/ftp/technical/reference/GRCh38_reference_genome/GRCh38_full_analysis_set_plus_decoy_hla.fa,NA,GENCODEv41,gencode_comprehensive_chr,STARv2.7.10a,NA,NA,NA,NA,NA,NA,NA
PMGRC-53-53-0_LS4339143_SQ9311_RNA,CNH_I_SQ9311,NA,NA,NA,GRCh38,http://ftp.1000genomes.ebi.ac.uk/vol1/ftp/technical/reference/GRCh38_reference_genome/GRCh38_full_analysis_set_plus_decoy_hla.fa,NA,GENCODEv41,gencode_comprehensive_chr,STARv2.7.10a,NA,NA,NA,NA,NA,NA,NA
PMGRC-55-53-1_LS4339141_SQ9309_RNA,CNH_I_SQ9309,NA,NA,NA,GRCh38,http://ftp.1000genomes.ebi.ac.uk/vol1/ftp/technical/reference/GRCh38_reference_genome/GRCh38_full_analysis_set_plus_decoy_hla.fa,NA,GENCODEv41,gencode_comprehensive_chr,STARv2.7.10a,NA,NA,NA,NA,NA,NA,NA
PMGRC-566-568-2_LS4716308_SQ11967_RNA,CNH_I_SQ11967,NA,NA,NA,GRCh38,http://ftp.1000genomes.ebi.ac.uk/vol1/ftp/technical/reference/GRCh38_reference_genome/GRCh38_full_analysis_set_plus_decoy_hla.fa,NA,GENCODEv41,gencode_comprehensive_chr,STARv2.7.10a,NA,NA,NA,NA,NA,NA,NA
PMGRC-567-568-1_LS4716296_SQ11955_RNA,CNH_I_SQ11955,NA,NA,NA,GRCh38,http://ftp.1000genomes.ebi.ac.uk/vol1/ftp/technical/reference/GRCh38_reference_genome/GRCh38_full_analysis_set_plus_decoy_hla.fa,NA,GENCODEv41,gencode_comprehensive_chr,STARv2.7.10a,NA,NA,NA,NA,NA,NA,NA
PMGRC-568-568-0_LS4716302_SQ11961_RNA,CNH_I_SQ11961,NA,NA,NA,GRCh38,http://ftp.1000genomes.ebi.ac.uk/vol1/ftp/technical/reference/GRCh38_reference_genome/GRCh38_full_analysis_set_plus_decoy_hla.fa,NA,GENCODEv41,gencode_comprehensive_chr,STARv2.7.10a,NA,NA,NA,NA,NA,NA,NA
PMGRC-57-53-2_LS4339142_SQ9310_RNA,CNH_I_SQ9310,NA,NA,NA,GRCh38,http://ftp.1000genomes.ebi.ac.uk/vol1/ftp/technical/reference/GRCh38_reference_genome/GRCh38_full_analysis_set_plus_decoy_hla.fa,NA,GENCODEv41,gencode_comprehensive_chr,STARv2.7.10a,NA,NA,NA,NA,NA,NA,NA
PMGRC-59-60-3_LS4716315_SQ11975_RNA,CNH_I_SQ11975,NA,NA,NA,GRCh38,http://ftp.1000genomes.ebi.ac.uk/vol1/ftp/technical/reference/GRCh38_reference_genome/GRCh38_full_analysis_set_plus_decoy_hla.fa,NA,GENCODEv41,gencode_comprehensive_chr,STARv2.7.10a,NA,NA,NA,NA,NA,NA,NA
PMGRC-6-5-1_LS4339073_SQ8343_RNA,CNH_I_SQ8343,NA,NA,NA,GRCh38,http://ftp.1000genomes.ebi.ac.uk/vol1/ftp/technical/reference/GRCh38_reference_genome/GRCh38_full_analysis_set_plus_decoy_hla.fa,NA,GENCODEv41,gencode_comprehensive_chr,STARv2.7.10a,NA,NA,NA,NA,NA,NA,NA
PMGRC-60-60-0_LS4716324_SQ11984_RNA,CNH_I_SQ11984,NA,NA,NA,GRCh38,http://ftp.1000genomes.ebi.ac.uk/vol1/ftp/technical/reference/GRCh38_reference_genome/GRCh38_full_analysis_set_plus_decoy_hla.fa,NA,GENCODEv41,gencode_comprehensive_chr,STARv2.7.10a,NA,NA,NA,NA,NA,NA,NA
PMGRC-61-60-3_LS4716322_SQ11982_RNA,CNH_I_SQ11982,NA,NA,NA,GRCh38,http://ftp.1000genomes.ebi.ac.uk/vol1/ftp/technical/reference/GRCh38_reference_genome/GRCh38_full_analysis_set_plus_decoy_hla.fa,NA,GENCODEv41,gencode_comprehensive_chr,STARv2.7.10a,NA,NA,NA,NA,NA,NA,NA
PMGRC-62-60-3_LS4716319_SQ11979_RNA,CNH_I_SQ11979,NA,NA,NA,GRCh38,http://ftp.1000genomes.ebi.ac.uk/vol1/ftp/technical/reference/GRCh38_reference_genome/GRCh38_full_analysis_set_plus_decoy_hla.fa,NA,GENCODEv41,gencode_comprehensive_chr,STARv2.7.10a,NA,NA,NA,NA,NA,NA,NA
PMGRC-63-60-2_LS4716310_SQ11969_RNA,CNH_I_SQ11969,NA,NA,NA,GRCh38,http://ftp.1000genomes.ebi.ac.uk/vol1/ftp/technical/reference/GRCh38_reference_genome/GRCh38_full_analysis_set_plus_decoy_hla.fa,NA,GENCODEv41,gencode_comprehensive_chr,STARv2.7.10a,NA,NA,NA,NA,NA,NA,NA
PMGRC-64-60-1_LS4716318_SQ11978_RNA,CNH_I_SQ11978,NA,NA,NA,GRCh38,http://ftp.1000genomes.ebi.ac.uk/vol1/ftp/technical/reference/GRCh38_reference_genome/GRCh38_full_analysis_set_plus_decoy_hla.fa,NA,GENCODEv41,gencode_comprehensive_chr,STARv2.7.10a,NA,NA,NA,NA,NA,NA,NA
PMGRC-647-181-3_LS4716291_SQ11950_RNA,CNH_I_SQ11950,NA,NA,NA,GRCh38,http://ftp.1000genomes.ebi.ac.uk/vol1/ftp/technical/reference/GRCh38_reference_genome/GRCh38_full_analysis_set_plus_decoy_hla.fa,NA,GENCODEv41,gencode_comprehensive_chr,STARv2.7.10a,NA,NA,NA,NA,NA,NA,NA
PMGRC-648-181-3_LS4716306_SQ11965_RNA,CNH_I_SQ11965,NA,NA,NA,GRCh38,http://ftp.1000genomes.ebi.ac.uk/vol1/ftp/technical/reference/GRCh38_reference_genome/GRCh38_full_analysis_set_plus_decoy_hla.fa,NA,GENCODEv41,gencode_comprehensive_chr,STARv2.7.10a,NA,NA,NA,NA,NA,NA,NA
PMGRC-649-181-3_LS4716321_SQ11981_RNA,CNH_I_SQ11981,NA,NA,NA,GRCh38,http://ftp.1000genomes.ebi.ac.uk/vol1/ftp/technical/reference/GRCh38_reference_genome/GRCh38_full_analysis_set_plus_decoy_hla.fa,NA,GENCODEv41,gencode_comprehensive_chr,STARv2.7.10a,NA,NA,NA,NA,NA,NA,NA
PMGRC-7-5-2_LS4339115_SQ8384_RNA,CNH_I_SQ8384,NA,NA,NA,GRCh38,http://ftp.1000genomes.ebi.ac.uk/vol1/ftp/technical/reference/GRCh38_reference_genome/GRCh38_full_analysis_set_plus_decoy_hla.fa,NA,GENCODEv41,gencode_comprehensive_chr,STARv2.7.10a,NA,NA,NA,NA,NA,NA,NA
PMGRC-7-5-2_LS4339115_SQ9316_RNA,CNH_I_SQ9316,NA,NA,NA,GRCh38,http://ftp.1000genomes.ebi.ac.uk/vol1/ftp/technical/reference/GRCh38_reference_genome/GRCh38_full_analysis_set_plus_decoy_hla.fa,NA,GENCODEv41,gencode_comprehensive_chr,STARv2.7.10a,NA,NA,NA,NA,NA,NA,NA
PMGRC-70-68-1_LS4339110_SQ8379_RNA,CNH_I_SQ8379,NA,NA,NA,GRCh38,http://ftp.1000genomes.ebi.ac.uk/vol1/ftp/technical/reference/GRCh38_reference_genome/GRCh38_full_analysis_set_plus_decoy_hla.fa,NA,GENCODEv41,gencode_comprehensive_chr,STARv2.7.10a,NA,NA,NA,NA,NA,NA,NA
PMGRC-79-79-0_LS4339074_SQ8344_RNA,CNH_I_SQ8344,NA,NA,NA,GRCh38,http://ftp.1000genomes.ebi.ac.uk/vol1/ftp/technical/reference/GRCh38_reference_genome/GRCh38_full_analysis_set_plus_decoy_hla.fa,NA,GENCODEv41,gencode_comprehensive_chr,STARv2.7.10a,NA,NA,NA,NA,NA,NA,NA
PMGRC-80-86-2_LS4339105_SQ8374_RNA,CNH_I_SQ8374,NA,NA,NA,GRCh38,http://ftp.1000genomes.ebi.ac.uk/vol1/ftp/technical/reference/GRCh38_reference_genome/GRCh38_full_analysis_set_plus_decoy_hla.fa,NA,GENCODEv41,gencode_comprehensive_chr,STARv2.7.10a,NA,NA,NA,NA,NA,NA,NA
PMGRC-81-81-0_LS4339062_SQ11666_RNA,CNH_I_SQ11666,NA,NA,NA,GRCh38,http://ftp.1000genomes.ebi.ac.uk/vol1/ftp/technical/reference/GRCh38_reference_genome/GRCh38_full_analysis_set_plus_decoy_hla.fa,NA,GENCODEv41,gencode_comprehensive_chr,STARv2.7.10a,NA,NA,NA,NA,NA,NA,NA
PMGRC-81-81-0_LS4339062_SQ6053_RNA,CNH_I_SQ6053,NA,NA,NA,GRCh38,http://ftp.1000genomes.ebi.ac.uk/vol1/ftp/technical/reference/GRCh38_reference_genome/GRCh38_full_analysis_set_plus_decoy_hla.fa,NA,GENCODEv41,gencode_comprehensive_chr,STARv2.7.10a,NA,NA,NA,NA,NA,NA,NA
PMGRC-81-81-0_LS4339062_SQ8387_RNA,CNH_I_SQ8387,NA,NA,NA,GRCh38,http://ftp.1000genomes.ebi.ac.uk/vol1/ftp/technical/reference/GRCh38_reference_genome/GRCh38_full_analysis_set_plus_decoy_hla.fa,NA,GENCODEv41,gencode_comprehensive_chr,STARv2.7.10a,NA,NA,NA,NA,NA,NA,NA
PMGRC-81-81-0_LS4339062_SQ9312_RNA,CNH_I_SQ9312,NA,NA,NA,GRCh38,http://ftp.1000genomes.ebi.ac.uk/vol1/ftp/technical/reference/GRCh38_reference_genome/GRCh38_full_analysis_set_plus_decoy_hla.fa,NA,GENCODEv41,gencode_comprehensive_chr,STARv2.7.10a,NA,NA,NA,NA,NA,NA,NA
PMGRC-82-82-0_LS4339081_SQ8351_RNA,CNH_I_SQ8351,NA,NA,NA,GRCh38,http://ftp.1000genomes.ebi.ac.uk/vol1/ftp/technical/reference/GRCh38_reference_genome/GRCh38_full_analysis_set_plus_decoy_hla.fa,NA,GENCODEv41,gencode_comprehensive_chr,STARv2.7.10a,NA,NA,NA,NA,NA,NA,NA
PMGRC-83-82-2_LS4339080_SQ8350_RNA,CNH_I_SQ8350,NA,NA,NA,GRCh38,http://ftp.1000genomes.ebi.ac.uk/vol1/ftp/technical/reference/GRCh38_reference_genome/GRCh38_full_analysis_set_plus_decoy_hla.fa,NA,GENCODEv41,gencode_comprehensive_chr,STARv2.7.10a,NA,NA,NA,NA,NA,NA,NA
PMGRC-84-82-1_LS4339117_SQ8386_RNA,CNH_I_SQ8386,NA,NA,NA,GRCh38,http://ftp.1000genomes.ebi.ac.uk/vol1/ftp/technical/reference/GRCh38_reference_genome/GRCh38_full_analysis_set_plus_decoy_hla.fa,NA,GENCODEv41,gencode_comprehensive_chr,STARv2.7.10a,NA,NA,NA,NA,NA,NA,NA
PMGRC-85-86-1_LS4339103_SQ8372_RNA,CNH_I_SQ8372,NA,NA,NA,GRCh38,http://ftp.1000genomes.ebi.ac.uk/vol1/ftp/technical/reference/GRCh38_reference_genome/GRCh38_full_analysis_set_plus_decoy_hla.fa,NA,GENCODEv41,gencode_comprehensive_chr,STARv2.7.10a,NA,NA,NA,NA,NA,NA,NA
PMGRC-86-86-0_LS4339102_SQ8371_RNA,CNH_I_SQ8371,NA,NA,NA,GRCh38,http://ftp.1000genomes.ebi.ac.uk/vol1/ftp/technical/reference/GRCh38_reference_genome/GRCh38_full_analysis_set_plus_decoy_hla.fa,NA,GENCODEv41,gencode_comprehensive_chr,STARv2.7.10a,NA,NA,NA,NA,NA,NA,NA
PMGRC-88-88-0_LS4339048_SQ11652_RNA,CNH_I_SQ11652,NA,NA,NA,GRCh38,http://ftp.1000genomes.ebi.ac.uk/vol1/ftp/technical/reference/GRCh38_reference_genome/GRCh38_full_analysis_set_plus_decoy_hla.fa,NA,GENCODEv41,gencode_comprehensive_chr,STARv2.7.10a,NA,NA,NA,NA,NA,NA,NA
PMGRC-89-88-2_LS4092800_SQ11673_RNA,CNH_I_SQ11673,NA,NA,NA,GRCh38,http://ftp.1000genomes.ebi.ac.uk/vol1/ftp/technical/reference/GRCh38_reference_genome/GRCh38_full_analysis_set_plus_decoy_hla.fa,NA,GENCODEv41,gencode_comprehensive_chr,STARv2.7.10a,NA,NA,NA,NA,NA,NA,NA
PMGRC-90-88-1_LS4092801_SQ11674_RNA,CNH_I_SQ11674,NA,NA,NA,GRCh38,http://ftp.1000genomes.ebi.ac.uk/vol1/ftp/technical/reference/GRCh38_reference_genome/GRCh38_full_analysis_set_plus_decoy_hla.fa,NA,GENCODEv41,gencode_comprehensive_chr,STARv2.7.10a,NA,NA,NA,NA,NA,NA,NA